{"train_loss": 1.549138443195261, "epoch": 9, "_timestamp": 1702461974.0956, "_runtime": 252.58324098587036, "_step": 9, "_wandb": {"runtime": 251}}